{
  "model": "ggml-base.bin",
  "arch": "whisper",
  "rootKappa": "did:holo:sha256:6b621cf5f056eab5ed7297a946d36af4ce12bccab8cb95e6d76959a558b611d7",
  "n_audio_state": 512,
  "n_audio_layer": 6,
  "n_audio_head": 8,
  "n_mels": 80,
  "encLayers": 2,
  "melShape": [
    80,
    3000
  ],
  "stemShape": [
    1500,
    512
  ],
  "encShape": [
    1500,
    512
  ],
  "encSample": [
    -0.930194,
    -1.382907,
    -0.7863,
    0.86546,
    -0.798612,
    -1.306583,
    0.718568,
    -2.05693
  ],
  "encL2": 1434.3392548607635,
  "generatedSec": 50
}