{
  "dtype": "fp32",
  "durSec": 1.4,
  "head": [
    -9.712591690913541e-7,
    2.5616836296649126e-7,
    -3.0232550329856167e-7,
    0.0000013769689530818141,
    -7.336125804613403e-7,
    4.7538375724798243e-7,
    -0.0000016767630768299568,
    9.729577641337528e-7,
    -1.8445568628067122e-7,
    -0.000023020082153379917,
    1.5111524254152187e-9,
    -3.171303886162491e-9,
    -7.772933408034532e-10,
    7.87552356662502e-10,
    -8.631477477205607e-11,
    5.846716166768573e-11
  ],
  "ids": [
    0,
    50,
    83,
    54,
    156,
    57,
    135,
    4,
    0
  ],
  "idsLen": 9,
  "maxAbs": 0.40022,
  "n": 33600,
  "rate": 24000,
  "styleIdx": 1792,
  "sum": -8.174,
  "synMs": 3066,
  "tail": [
    -1.3778355192894942e-11,
    3.6446484719121486e-11,
    -1.459884713117532e-10,
    4.747827686557571e-10,
    -1.7936483409641824e-9,
    1.711535357884486e-9,
    1.9026753783624173e-10,
    -9.903283526568885e-9,
    3.235465229067813e-8,
    -1.0964451746531267e-7,
    8.628298786561572e-8,
    2.8130811458026983e-8,
    1.0649330306478078e-7,
    -1.9863311706558306e-7,
    8.484568070343812e-8,
    -3.3788691666813975e-7
  ],
  "text": "Hello.",
  "voice": "af_heart"
}